page,clicks,impressions,ctr,position
https://mikes-house-clearance.co.uk/,11,229,4.8,32.9
https://mikes-house-clearance.co.uk/services,9,97,9.28,6.2
https://mikes-house-clearance.co.uk/services/house-clearance/pensilva-pl14,3,4,75.0,2
https://mikes-house-clearance.co.uk/services/house-clearance/newquay-tr7,2,2,100,13.5
https://mikes-house-clearance.co.uk/services/rubbish-clearance/pensilva-pl14,2,7,28.57,3.6
https://mikes-house-clearance.co.uk/contact,1,49,2.04,12.8
https://mikes-house-clearance.co.uk/house-clearance/axbridge-bs26/,1,1,100,2
https://mikes-house-clearance.co.uk/house-clearance/langport-ta10/,1,3,33.33,43
https://mikes-house-clearance.co.uk/services/bereavement-probate-clearance/cubert-tr8/,1,2,50.0,9
https://mikes-house-clearance.co.uk/services/garage-loft-basement-clearance/polruan-pl23,1,4,25.0,29.5
https://mikes-house-clearance.co.uk/services/garage-shed-clearance/ilminster-ta19/,1,2,50.0,4.5
https://mikes-house-clearance.co.uk/services/garden-outbuilding/lostwithiel-pl22,1,2,50.0,12
https://mikes-house-clearance.co.uk/services/garden-outbuilding/penryn-tr10,1,12,8.33,14.1
https://mikes-house-clearance.co.uk/services/hoarder-clearance/dartmouth-tq6/,1,2,50.0,11
https://mikes-house-clearance.co.uk/services/home-removals/dulverton-ta22/,1,1,100,2
https://mikes-house-clearance.co.uk/services/home-removals/hayle-tr27,1,3,33.33,8.3
https://mikes-house-clearance.co.uk/services/home-removals/st-columb-major-tr9,1,2,50.0,2
https://mikes-house-clearance.co.uk/services/house-clearance/dobwalls-pl14,1,3,33.33,5
https://mikes-house-clearance.co.uk/services/house-clearance/redruth-tr15,1,4,25.0,6
https://mikes-house-clearance.co.uk/services/house-clearance/wiveliscombe-ta4/,1,1,100,8
https://mikes-house-clearance.co.uk/services/office-clearances/liskeard-pl14,1,1,100,2
https://mikes-house-clearance.co.uk/services/rubbish-clearance/illogan-tr15,1,3,33.33,4.7
https://mikes-house-clearance.co.uk/services/rubbish-clearance/midsomer-norton-ba3/,1,1,100,4
https://mikes-house-clearance.co.uk/services/rubbish-clearance/mullion-tr12,1,2,50.0,8
https://mikes-house-clearance.co.uk/services/rubbish-clearance/pelynt-pl13,1,2,50.0,5.5
https://mikes-house-clearance.co.uk/about-us,0,20,0,3.5
https://mikes-house-clearance.co.uk/cookie-policy,0,9,0,7.6
https://mikes-house-clearance.co.uk/house-clearance,0,4,0,9.2
https://mikes-house-clearance.co.uk/house-clearance/appledore-ex39/,0,2,0,88
https://mikes-house-clearance.co.uk/house-clearance/axminster-ex13/,0,4,0,91
https://mikes-house-clearance.co.uk/house-clearance/blackwater-tr4/,0,1,0,7
https://mikes-house-clearance.co.uk/house-clearance/bridgwater-ta6/,0,1,0,45
https://mikes-house-clearance.co.uk/house-clearance/brixham-tq5/,0,1,0,20
https://mikes-house-clearance.co.uk/house-clearance/brixton-pl8/,0,3,0,38.3
https://mikes-house-clearance.co.uk/house-clearance/broadhempston-tq9/,0,1,0,8
https://mikes-house-clearance.co.uk/house-clearance/callington-pl17/,0,2,0,59.5
https://mikes-house-clearance.co.uk/house-clearance/carbis-bay-tr26/,0,1,0,10
https://mikes-house-clearance.co.uk/house-clearance/chacewater-tr4/,0,5,0,62.2
https://mikes-house-clearance.co.uk/house-clearance/clevedon-bs21/,0,1,0,81
https://mikes-house-clearance.co.uk/house-clearance/colyford-ex24/,0,1,0,60
https://mikes-house-clearance.co.uk/house-clearance/cullompton-ex15/,0,1,0,81
https://mikes-house-clearance.co.uk/house-clearance/delabole-pl33/,0,3,0,8.3
https://mikes-house-clearance.co.uk/house-clearance/downderry-pl11/,0,2,0,6
https://mikes-house-clearance.co.uk/house-clearance/frome-ba11/,0,1,0,63
https://mikes-house-clearance.co.uk/house-clearance/goonhavern-tr4/,0,1,0,56
https://mikes-house-clearance.co.uk/house-clearance/hartland-ex39/,0,1,0,49
https://mikes-house-clearance.co.uk/house-clearance/hatherleigh-ex20/,0,1,0,15
https://mikes-house-clearance.co.uk/house-clearance/ilminster-ta19/,0,8,0,70.1
https://mikes-house-clearance.co.uk/house-clearance/kenton-ex6/,0,1,0,74
https://mikes-house-clearance.co.uk/house-clearance/keynsham-bs31/,0,1,0,89
https://mikes-house-clearance.co.uk/house-clearance/lifton-pl16/,0,1,0,9
https://mikes-house-clearance.co.uk/house-clearance/lympstone-ex8/,0,1,0,90
https://mikes-house-clearance.co.uk/house-clearance/malborough-tq7/,0,1,0,52
https://mikes-house-clearance.co.uk/house-clearance/marhamchurch-ex23/,0,5,0,83.2
https://mikes-house-clearance.co.uk/house-clearance/mevagissey-pl26/,0,2,0,5
https://mikes-house-clearance.co.uk/house-clearance/midsomer-norton-ba3/,0,1,0,38
https://mikes-house-clearance.co.uk/house-clearance/minehead-ta24/,0,1,0,12
https://mikes-house-clearance.co.uk/house-clearance/moretonhampstead-tq13/,0,3,0,7.7
https://mikes-house-clearance.co.uk/house-clearance/newton-abbot-tq12/,0,3,0,34.7
https://mikes-house-clearance.co.uk/house-clearance/newton-poppleford-ex10/,0,1,0,2
https://mikes-house-clearance.co.uk/house-clearance/ottery-st-mary-ex11/,0,1,0,8
https://mikes-house-clearance.co.uk/house-clearance/plymouth-pl1/,0,2,0,78
https://mikes-house-clearance.co.uk/house-clearance/polperro-pl13/,0,1,0,6
https://mikes-house-clearance.co.uk/house-clearance/radstock-ba3/,0,6,0,36.5
https://mikes-house-clearance.co.uk/house-clearance/salcombe-tq8/,0,2,0,12
https://mikes-house-clearance.co.uk/house-clearance/seaton-ex12/,0,1,0,12
https://mikes-house-clearance.co.uk/house-clearance/shaldon-tq14/,0,1,0,4
https://mikes-house-clearance.co.uk/house-clearance/shepton-mallet-ba4/,0,1,0,85
https://mikes-house-clearance.co.uk/house-clearance/south-brent-tq10/,0,1,0,75
https://mikes-house-clearance.co.uk/house-clearance/st-ives-tr26/,0,4,0,36.2
https://mikes-house-clearance.co.uk/house-clearance/starcross-ex6/,0,1,0,60
https://mikes-house-clearance.co.uk/house-clearance/swimbridge-ex32/,0,2,0,69.5
https://mikes-house-clearance.co.uk/house-clearance/tedburn-st-mary-ex6/,0,1,0,74
https://mikes-house-clearance.co.uk/house-clearance/teignmouth-tq14/,0,5,0,17.6
https://mikes-house-clearance.co.uk/house-clearance/thorverton-ex5/,0,4,0,51.5
https://mikes-house-clearance.co.uk/house-clearance/thurlestone-tq7/,0,3,0,73.7
https://mikes-house-clearance.co.uk/house-clearance/torpoint-pl11/,0,4,0,40.8
https://mikes-house-clearance.co.uk/house-clearance/torquay-tq1/,0,1,0,21
https://mikes-house-clearance.co.uk/house-clearance/wadebridge-pl27/,0,1,0,12
https://mikes-house-clearance.co.uk/house-clearance/watchet-ta23/,0,1,0,93
https://mikes-house-clearance.co.uk/house-clearance/wellington-ta21/,0,1,0,61
https://mikes-house-clearance.co.uk/house-clearance/wells-ba5/,0,4,0,20.2
https://mikes-house-clearance.co.uk/house-clearance/weston-super-mare-bs22/,0,1,0,55
https://mikes-house-clearance.co.uk/house-clearance/wincanton-ba9/,0,1,0,86
https://mikes-house-clearance.co.uk/house-clearance/woodbury-ex5/,0,1,0,58
https://mikes-house-clearance.co.uk/house-clearance/yelverton-pl20/,0,1,0,19
https://mikes-house-clearance.co.uk/location-process-reviews-faq/,0,3,0,9.3
https://mikes-house-clearance.co.uk/services/,0,1,0,35
https://mikes-house-clearance.co.uk/services/attic-clearance/,0,5,0,78.8
https://mikes-house-clearance.co.uk/services/attic-clearance/abbotskerswell-tq12/,0,3,0,93
https://mikes-house-clearance.co.uk/services/attic-clearance/beer-ex12/,0,1,0,66
https://mikes-house-clearance.co.uk/services/attic-clearance/bodmin-pl31/,0,1,0,94
https://mikes-house-clearance.co.uk/services/attic-clearance/chagford-tq13/,0,2,0,67.5
https://mikes-house-clearance.co.uk/services/attic-clearance/exmouth-ex8/,0,2,0,97
https://mikes-house-clearance.co.uk/services/attic-clearance/keynsham-bs31/,0,2,0,51.5
https://mikes-house-clearance.co.uk/services/attic-clearance/kingsbridge-tq7/,0,2,0,21
https://mikes-house-clearance.co.uk/services/attic-clearance/malborough-tq7/,0,1,0,49
https://mikes-house-clearance.co.uk/services/attic-clearance/nailsea-bs48/,0,2,0,85.5
https://mikes-house-clearance.co.uk/services/attic-clearance/plymouth-pl1/,0,4,0,71.8
https://mikes-house-clearance.co.uk/services/attic-clearance/shepton-mallet-ba4/,0,1,0,12
https://mikes-house-clearance.co.uk/services/attic-clearance/silverton-ex5/,0,1,0,81
https://mikes-house-clearance.co.uk/services/attic-clearance/st-buryan-tr19/,0,1,0,62
https://mikes-house-clearance.co.uk/services/attic-clearance/stoke-fleming-tq6/,0,2,0,15.5
https://mikes-house-clearance.co.uk/services/attic-clearance/street-ba16/,0,2,0,88.5
https://mikes-house-clearance.co.uk/services/attic-clearance/tavistock-pl19/,0,1,0,72
https://mikes-house-clearance.co.uk/services/attic-clearance/tintagel-pl34/,0,1,0,43
https://mikes-house-clearance.co.uk/services/attic-clearance/wells-ba5/,0,1,0,13
https://mikes-house-clearance.co.uk/services/attic-clearance/yeovil-ba20/,0,2,0,23.5
https://mikes-house-clearance.co.uk/services/bereavement-probate-clearance/appledore-ex39/,0,1,0,47
https://mikes-house-clearance.co.uk/services/bereavement-probate-clearance/barnstaple-ex31/,0,1,0,4
https://mikes-house-clearance.co.uk/services/bereavement-probate-clearance/bodmin-pl31/,0,1,0,80
https://mikes-house-clearance.co.uk/services/bereavement-probate-clearance/boscastle-pl35/,0,6,0,47.5
https://mikes-house-clearance.co.uk/services/bereavement-probate-clearance/bow-ex17/,0,4,0,73.5
https://mikes-house-clearance.co.uk/services/bereavement-probate-clearance/breage-tr13/,0,4,0,72.8
https://mikes-house-clearance.co.uk/services/bereavement-probate-clearance/budock-water-tr11/,0,1,0,69
https://mikes-house-clearance.co.uk/services/bereavement-probate-clearance/camelford-pl32/,0,1,0,63
https://mikes-house-clearance.co.uk/services/bereavement-probate-clearance/chagford-tq13/,0,2,0,94
https://mikes-house-clearance.co.uk/services/bereavement-probate-clearance/colyton-ex24/,0,1,0,72
https://mikes-house-clearance.co.uk/services/bereavement-probate-clearance/delabole-pl33/,0,1,0,56
https://mikes-house-clearance.co.uk/services/bereavement-probate-clearance/east-budleigh-ex9/,0,2,0,54
https://mikes-house-clearance.co.uk/services/bereavement-probate-clearance/ermington-pl21/,0,1,0,78
https://mikes-house-clearance.co.uk/services/bereavement-probate-clearance/fremington-ex31/,0,3,0,53
https://mikes-house-clearance.co.uk/services/bereavement-probate-clearance/frome-ba11/,0,1,0,35
https://mikes-house-clearance.co.uk/services/bereavement-probate-clearance/ivybridge-pl21/,0,2,0,91
https://mikes-house-clearance.co.uk/services/bereavement-probate-clearance/keynsham-bs31/,0,2,0,49.5
https://mikes-house-clearance.co.uk/services/bereavement-probate-clearance/kilmington-ex13/,0,1,0,79
https://mikes-house-clearance.co.uk/services/bereavement-probate-clearance/kingsbridge-tq7/,0,9,0,72.1
https://mikes-house-clearance.co.uk/services/bereavement-probate-clearance/langport-ta10/,0,2,0,2
https://mikes-house-clearance.co.uk/services/bereavement-probate-clearance/loddiswell-tq7/,0,1,0,67
https://mikes-house-clearance.co.uk/services/bereavement-probate-clearance/malborough-tq7/,0,1,0,86
https://mikes-house-clearance.co.uk/services/bereavement-probate-clearance/marhamchurch-ex23/,0,4,0,74
https://mikes-house-clearance.co.uk/services/bereavement-probate-clearance/martock-ta12/,0,2,0,49
https://mikes-house-clearance.co.uk/services/bereavement-probate-clearance/midsomer-norton-ba3/,0,6,0,32.3
https://mikes-house-clearance.co.uk/services/bereavement-probate-clearance/nanpean-pl26/,0,3,0,71
https://mikes-house-clearance.co.uk/services/bereavement-probate-clearance/north-molton-ex36/,0,4,0,79.8
https://mikes-house-clearance.co.uk/services/bereavement-probate-clearance/pendeen-tr19/,0,1,0,75
https://mikes-house-clearance.co.uk/services/bereavement-probate-clearance/pool-tr15/,0,2,0,84
https://mikes-house-clearance.co.uk/services/bereavement-probate-clearance/sherford-pl9/,0,1,0,47
https://mikes-house-clearance.co.uk/services/bereavement-probate-clearance/shortlanesend-tr4/,0,9,0,83.1
https://mikes-house-clearance.co.uk/services/bereavement-probate-clearance/south-brent-tq10/,0,4,0,87
https://mikes-house-clearance.co.uk/services/bereavement-probate-clearance/st-buryan-tr19/,0,2,0,71.5
https://mikes-house-clearance.co.uk/services/bereavement-probate-clearance/street-ba16/,0,34,0,84.7
https://mikes-house-clearance.co.uk/services/bereavement-probate-clearance/tavistock-pl19/,0,2,0,74.5
https://mikes-house-clearance.co.uk/services/bereavement-probate-clearance/tipton-st-john-ex10/,0,1,0,5
https://mikes-house-clearance.co.uk/services/bereavement-probate-clearance/tiverton-ex16/,0,1,0,88
https://mikes-house-clearance.co.uk/services/bereavement-probate-clearance/troon-tr14/,0,1,0,86
https://mikes-house-clearance.co.uk/services/bereavement-probate-clearance/wadebridge-pl27/,0,3,0,89
https://mikes-house-clearance.co.uk/services/bereavement-probate-clearance/watchet-ta23/,0,10,0,81.4
https://mikes-house-clearance.co.uk/services/bereavement-probate-clearance/willand-ex15/,0,1,0,98
https://mikes-house-clearance.co.uk/services/bereavement-probate-clearance/withnoe-pl11/,0,1,0,80
https://mikes-house-clearance.co.uk/services/bereavement-probate-clearance/wiveliscombe-ta4/,0,1,0,31
https://mikes-house-clearance.co.uk/services/end-of-tenancy-clearance/callington-pl17,0,2,0,4.5
https://mikes-house-clearance.co.uk/services/end-of-tenancy-clearance/fowey-pl23,0,1,0,12
https://mikes-house-clearance.co.uk/services/end-of-tenancy-clearance/kelly-bray-pl17,0,3,0,33.7
https://mikes-house-clearance.co.uk/services/end-of-tenancy-clearance/landrake-pl12,0,7,0,26.9
https://mikes-house-clearance.co.uk/services/end-of-tenancy-clearance/launceston-pl15,0,2,0,13.5
https://mikes-house-clearance.co.uk/services/end-of-tenancy-clearance/lostwithiel-pl22,0,1,0,3
https://mikes-house-clearance.co.uk/services/end-of-tenancy-clearance/newquay-tr7,0,8,0,34.5
https://mikes-house-clearance.co.uk/services/end-of-tenancy-clearance/pensilva-pl14,0,3,0,7.3
https://mikes-house-clearance.co.uk/services/end-of-tenancy-clearance/polruan-pl23,0,1,0,11
https://mikes-house-clearance.co.uk/services/garage-loft-basement-clearance/bude-ex23,0,1,0,8
https://mikes-house-clearance.co.uk/services/garage-loft-basement-clearance/budock-water-tr11,0,1,0,6
https://mikes-house-clearance.co.uk/services/garage-loft-basement-clearance/callington-pl17,0,1,0,24
https://mikes-house-clearance.co.uk/services/garage-loft-basement-clearance/crowlas-tr20,0,31,0,14.5
https://mikes-house-clearance.co.uk/services/garage-loft-basement-clearance/fowey-pl23,0,1,0,7
https://mikes-house-clearance.co.uk/services/garage-loft-basement-clearance/goldsithney-tr20,0,1,0,10
https://mikes-house-clearance.co.uk/services/garage-loft-basement-clearance/goonhavern-tr4,0,2,0,4
https://mikes-house-clearance.co.uk/services/garage-loft-basement-clearance/gunnislake-pl18,0,6,0,30
https://mikes-house-clearance.co.uk/services/garage-loft-basement-clearance/helston-tr13,0,1,0,6
https://mikes-house-clearance.co.uk/services/garage-loft-basement-clearance/kilkhampton-ex23,0,1,0,8
https://mikes-house-clearance.co.uk/services/garage-loft-basement-clearance/landrake-pl12,0,2,0,15.5
https://mikes-house-clearance.co.uk/services/garage-loft-basement-clearance/perranarworthal-tr3,0,29,0,16.7
https://mikes-house-clearance.co.uk/services/garage-loft-basement-clearance/perranporth-tr6,0,1,0,29
https://mikes-house-clearance.co.uk/services/garage-loft-basement-clearance/playing-place-tr3,0,7,0,43.7
https://mikes-house-clearance.co.uk/services/garage-loft-basement-clearance/port-isaac-pl29,0,2,0,11
https://mikes-house-clearance.co.uk/services/garage-loft-basement-clearance/porthtowan-tr4,0,5,0,19.8
https://mikes-house-clearance.co.uk/services/garage-loft-basement-clearance/praze-an-beeble-tr14,0,31,0,10.6
https://mikes-house-clearance.co.uk/services/garage-loft-basement-clearance/st-breward-pl30,0,1,0,7
https://mikes-house-clearance.co.uk/services/garage-loft-basement-clearance/st-columb-major-tr9,0,1,0,4
https://mikes-house-clearance.co.uk/services/garage-loft-basement-clearance/stithians-tr3,0,4,0,35.5
https://mikes-house-clearance.co.uk/services/garage-loft-basement-clearance/threemilestone-tr3,0,6,0,35.7
https://mikes-house-clearance.co.uk/services/garage-loft-basement-clearance/tolvaddon-tr14,0,2,0,9.5
https://mikes-house-clearance.co.uk/services/garage-loft-basement-clearance/torpoint-pl11,0,1,0,10
https://mikes-house-clearance.co.uk/services/garage-loft-basement-clearance/trewoon-pl25,0,1,0,6
https://mikes-house-clearance.co.uk/services/garage-loft-basement-clearance/troon-tr14,0,1,0,7
https://mikes-house-clearance.co.uk/services/garage-shed-clearance/aveton-gifford-tq7/,0,1,0,11
https://mikes-house-clearance.co.uk/services/garage-shed-clearance/blackwater-tr4/,0,2,0,44.5
https://mikes-house-clearance.co.uk/services/garage-shed-clearance/bruton-ba10/,0,4,0,72.5
https://mikes-house-clearance.co.uk/services/garage-shed-clearance/bude-ex23/,0,1,0,6
https://mikes-house-clearance.co.uk/services/garage-shed-clearance/cheddar-bs27/,0,2,0,55
https://mikes-house-clearance.co.uk/services/garage-shed-clearance/cubert-tr8/,0,1,0,10
https://mikes-house-clearance.co.uk/services/garage-shed-clearance/dobwalls-pl14/,0,1,0,5
https://mikes-house-clearance.co.uk/services/garage-shed-clearance/downderry-pl11/,0,1,0,10
https://mikes-house-clearance.co.uk/services/garage-shed-clearance/ermington-pl21/,0,1,0,5
https://mikes-house-clearance.co.uk/services/garage-shed-clearance/frome-ba11/,0,2,0,37
https://mikes-house-clearance.co.uk/services/garage-shed-clearance/gunnislake-pl18/,0,1,0,70
https://mikes-house-clearance.co.uk/services/garage-shed-clearance/holsworthy-ex22/,0,3,0,4
https://mikes-house-clearance.co.uk/services/garage-shed-clearance/illogan-tr15/,0,1,0,4
https://mikes-house-clearance.co.uk/services/garage-shed-clearance/launceston-pl15/,0,1,0,12
https://mikes-house-clearance.co.uk/services/garage-shed-clearance/marhamchurch-ex23/,0,1,0,76
https://mikes-house-clearance.co.uk/services/garage-shed-clearance/mawgan-tr12/,0,1,0,86
https://mikes-house-clearance.co.uk/services/garage-shed-clearance/minehead-ta24/,0,4,0,75
https://mikes-house-clearance.co.uk/services/garage-shed-clearance/nailsea-bs48/,0,4,0,84.2
https://mikes-house-clearance.co.uk/services/garage-shed-clearance/northlew-ex20/,0,1,0,5
https://mikes-house-clearance.co.uk/services/garage-shed-clearance/perranporth-tr6/,0,2,0,11
https://mikes-house-clearance.co.uk/services/garage-shed-clearance/plymouth-pl1/,0,1,0,3
https://mikes-house-clearance.co.uk/services/garage-shed-clearance/porthtowan-tr4/,0,2,0,94.5
https://mikes-house-clearance.co.uk/services/garage-shed-clearance/salcombe-tq8/,0,1,0,91
https://mikes-house-clearance.co.uk/services/garage-shed-clearance/stoke-fleming-tq6/,0,1,0,19
https://mikes-house-clearance.co.uk/services/garage-shed-clearance/stoke-gabriel-tq9/,0,1,0,7
https://mikes-house-clearance.co.uk/services/garage-shed-clearance/tavistock-pl19/,0,1,0,29
https://mikes-house-clearance.co.uk/services/garage-shed-clearance/tiverton-ex16/,0,2,0,85.5
https://mikes-house-clearance.co.uk/services/garage-shed-clearance/torquay-tq1/,0,1,0,7
https://mikes-house-clearance.co.uk/services/garage-shed-clearance/uplyme-dt7/,0,2,0,8
https://mikes-house-clearance.co.uk/services/garage-shed-clearance/wells-ba5/,0,5,0,36.6
https://mikes-house-clearance.co.uk/services/garage-shed-clearance/weston-super-mare-bs22/,0,7,0,49.3
https://mikes-house-clearance.co.uk/services/garage-shed-clearance/wincanton-ba9/,0,3,0,66.7
https://mikes-house-clearance.co.uk/services/garage-shed-clearance/yeovil-ba20/,0,2,0,19
https://mikes-house-clearance.co.uk/services/garden-clearance/,0,4,0,83.8
https://mikes-house-clearance.co.uk/services/garden-clearance/bruton-ba10/,0,2,0,51
https://mikes-house-clearance.co.uk/services/garden-clearance/buckfastleigh-tq11/,0,1,0,27
https://mikes-house-clearance.co.uk/services/garden-clearance/buckland-monachorum-pl20/,0,1,0,7
https://mikes-house-clearance.co.uk/services/garden-clearance/budleigh-salterton-ex9/,0,4,0,78.2
https://mikes-house-clearance.co.uk/services/garden-clearance/castle-cary-ba7/,0,1,0,10
https://mikes-house-clearance.co.uk/services/garden-clearance/chagford-tq13/,0,2,0,11
https://mikes-house-clearance.co.uk/services/garden-clearance/connor-downs-tr27/,0,1,0,11
https://mikes-house-clearance.co.uk/services/garden-clearance/cranbrook-ex5/,0,1,0,10
https://mikes-house-clearance.co.uk/services/garden-clearance/dartmouth-tq6/,0,1,0,27
https://mikes-house-clearance.co.uk/services/garden-clearance/downderry-pl11/,0,2,0,7
https://mikes-house-clearance.co.uk/services/garden-clearance/exminster-ex6/,0,1,0,74
https://mikes-house-clearance.co.uk/services/garden-clearance/fowey-pl23/,0,1,0,12
https://mikes-house-clearance.co.uk/services/garden-clearance/glastonbury-ba6/,0,3,0,84.7
https://mikes-house-clearance.co.uk/services/garden-clearance/gunnislake-pl18/,0,1,0,45
https://mikes-house-clearance.co.uk/services/garden-clearance/hartland-ex39/,0,2,0,60.5
https://mikes-house-clearance.co.uk/services/garden-clearance/kingskerswell-tq12/,0,1,0,23
https://mikes-house-clearance.co.uk/services/garden-clearance/landrake-pl12/,0,2,0,13.5
https://mikes-house-clearance.co.uk/services/garden-clearance/loddiswell-tq7/,0,1,0,8
https://mikes-house-clearance.co.uk/services/garden-clearance/marhamchurch-ex23/,0,2,0,98
https://mikes-house-clearance.co.uk/services/garden-clearance/martock-ta12/,0,1,0,9
https://mikes-house-clearance.co.uk/services/garden-clearance/midsomer-norton-ba3/,0,6,0,39.3
https://mikes-house-clearance.co.uk/services/garden-clearance/minehead-ta24/,0,1,0,60
https://mikes-house-clearance.co.uk/services/garden-clearance/musbury-ex13/,0,1,0,93
https://mikes-house-clearance.co.uk/services/garden-clearance/newton-abbot-tq12/,0,4,0,36.8
https://mikes-house-clearance.co.uk/services/garden-clearance/perranporth-tr6/,0,1,0,11
https://mikes-house-clearance.co.uk/services/garden-clearance/plymouth-pl1/,0,3,0,74.7
https://mikes-house-clearance.co.uk/services/garden-clearance/st-just-tr19/,0,1,0,10
https://mikes-house-clearance.co.uk/services/garden-clearance/tavistock-pl19/,0,7,0,33.1
https://mikes-house-clearance.co.uk/services/garden-clearance/topsham-ex3/,0,1,0,1
https://mikes-house-clearance.co.uk/services/garden-clearance/troon-tr14/,0,1,0,19
https://mikes-house-clearance.co.uk/services/garden-clearance/watchet-ta23/,0,4,0,80
https://mikes-house-clearance.co.uk/services/garden-clearance/wincanton-ba9/,0,1,0,84
https://mikes-house-clearance.co.uk/services/garden-outbuilding/callington-pl17,0,3,0,7.7
https://mikes-house-clearance.co.uk/services/garden-outbuilding/camelford-pl32,0,1,0,10
https://mikes-house-clearance.co.uk/services/garden-outbuilding/cawsand-pl10,0,1,0,3
https://mikes-house-clearance.co.uk/services/garden-outbuilding/cubert-tr8,0,1,0,9
https://mikes-house-clearance.co.uk/services/garden-outbuilding/landrake-pl12,0,8,0,12.8
https://mikes-house-clearance.co.uk/services/garden-outbuilding/lanivet-pl30,0,1,0,5
https://mikes-house-clearance.co.uk/services/garden-outbuilding/launceston-pl15,0,1,0,2
https://mikes-house-clearance.co.uk/services/garden-outbuilding/marazion-tr17,0,1,0,10
https://mikes-house-clearance.co.uk/services/garden-outbuilding/mawnan-smith-tr11,0,2,0,7.5
https://mikes-house-clearance.co.uk/services/garden-outbuilding/menheniot-pl14,0,13,0,19.5
https://mikes-house-clearance.co.uk/services/garden-outbuilding/millbrook-pl10,0,2,0,7
https://mikes-house-clearance.co.uk/services/garden-outbuilding/mousehole-tr19,0,1,0,12
https://mikes-house-clearance.co.uk/services/garden-outbuilding/newquay-tr7,0,1,0,9
https://mikes-house-clearance.co.uk/services/garden-outbuilding/newquay-tr7-2,0,4,0,6
https://mikes-house-clearance.co.uk/services/garden-outbuilding/pensilva-pl14,0,4,0,3.5
https://mikes-house-clearance.co.uk/services/garden-outbuilding/penwithick-pl26,0,2,0,9
https://mikes-house-clearance.co.uk/services/garden-outbuilding/penzance-tr18,0,3,0,10
https://mikes-house-clearance.co.uk/services/garden-outbuilding/perranporth-tr6,0,1,0,7
https://mikes-house-clearance.co.uk/services/garden-outbuilding/porthleven-tr13,0,2,0,5.5
https://mikes-house-clearance.co.uk/services/garden-outbuilding/probus-tr2,0,1,0,2
https://mikes-house-clearance.co.uk/services/garden-outbuilding/redruth-tr15,0,1,0,5
https://mikes-house-clearance.co.uk/services/garden-outbuilding/roche-pl26,0,1,0,9
https://mikes-house-clearance.co.uk/services/garden-outbuilding/st-austell-pl25,0,1,0,10
https://mikes-house-clearance.co.uk/services/garden-outbuilding/st-mawes-tr2,0,1,0,9
https://mikes-house-clearance.co.uk/services/garden-outbuilding/st-merryn-pl28,0,1,0,9
https://mikes-house-clearance.co.uk/services/garden-outbuilding/st-stephen-pl26,0,2,0,15
https://mikes-house-clearance.co.uk/services/garden-outbuilding/stithians-tr3,0,2,0,6
https://mikes-house-clearance.co.uk/services/garden-outbuilding/summercourt-tr8,0,1,0,11
https://mikes-house-clearance.co.uk/services/garden-outbuilding/torpoint-pl11,0,1,0,12
https://mikes-house-clearance.co.uk/services/garden-outbuilding/troon-tr14,0,1,0,10
https://mikes-house-clearance.co.uk/services/garden-outbuilding/truro-tr1,0,13,0,6.8
https://mikes-house-clearance.co.uk/services/garden-outbuilding/wadebridge-pl27,0,2,0,7.5
https://mikes-house-clearance.co.uk/services/hoarder-clearance//,0,1,0,31
https://mikes-house-clearance.co.uk/services/hoarder-clearance/appledore-ex39/,0,2,0,69.5
https://mikes-house-clearance.co.uk/services/hoarder-clearance/ashburton-tq13/,0,3,0,46.7
https://mikes-house-clearance.co.uk/services/hoarder-clearance/brixham-tq5/,0,1,0,14
https://mikes-house-clearance.co.uk/services/hoarder-clearance/chagford-tq13/,0,1,0,31
https://mikes-house-clearance.co.uk/services/hoarder-clearance/chard-ta20/,0,2,0,19
https://mikes-house-clearance.co.uk/services/hoarder-clearance/colyford-ex24/,0,1,0,86
https://mikes-house-clearance.co.uk/services/hoarder-clearance/dartington-tq9/,0,1,0,7
https://mikes-house-clearance.co.uk/services/hoarder-clearance/glastonbury-ba6/,0,2,0,46.5
https://mikes-house-clearance.co.uk/services/hoarder-clearance/langport-ta10/,0,1,0,41
https://mikes-house-clearance.co.uk/services/hoarder-clearance/lifton-pl16/,0,1,0,80
https://mikes-house-clearance.co.uk/services/hoarder-clearance/lympstone-ex8/,0,1,0,71
https://mikes-house-clearance.co.uk/services/hoarder-clearance/moretonhampstead-tq13/,0,1,0,9
https://mikes-house-clearance.co.uk/services/hoarder-clearance/mullion-tr12/,0,2,0,12
https://mikes-house-clearance.co.uk/services/hoarder-clearance/newquay-tr7/,0,2,0,21.5
https://mikes-house-clearance.co.uk/services/hoarder-clearance/newton-poppleford-ex10/,0,2,0,85
https://mikes-house-clearance.co.uk/services/hoarder-clearance/tiverton-ex16/,0,1,0,73
https://mikes-house-clearance.co.uk/services/hoarder-clearance/tresillian-tr2/,0,2,0,61.5
https://mikes-house-clearance.co.uk/services/hoarder-clearance/wells-ba5/,0,6,0,32.2
https://mikes-house-clearance.co.uk/services/hoarder-clearance/yealmpton-pl8/,0,1,0,8
https://mikes-house-clearance.co.uk/services/hoarder-clearance/yeovil-ba20/,0,1,0,3
https://mikes-house-clearance.co.uk/services/home-removals/,0,1,0,3
https://mikes-house-clearance.co.uk/services/home-removals/blackwater-tr4/,0,2,0,13
https://mikes-house-clearance.co.uk/services/home-removals/bodmin-pl31/,0,1,0,49
https://mikes-house-clearance.co.uk/services/home-removals/braunton-ex33/,0,1,0,5
https://mikes-house-clearance.co.uk/services/home-removals/burnham-on-sea-ta8/,0,1,0,1
https://mikes-house-clearance.co.uk/services/home-removals/camborne-tr14,0,2,0,17
https://mikes-house-clearance.co.uk/services/home-removals/carey-park-pl13,0,1,0,6
https://mikes-house-clearance.co.uk/services/home-removals/cawsand-pl10,0,1,0,4
https://mikes-house-clearance.co.uk/services/home-removals/colyford-ex24/,0,1,0,7
https://mikes-house-clearance.co.uk/services/home-removals/connor-downs-tr27,0,1,0,4
https://mikes-house-clearance.co.uk/services/home-removals/crowlas-tr20,0,1,0,9
https://mikes-house-clearance.co.uk/services/home-removals/delabole-pl33,0,1,0,9
https://mikes-house-clearance.co.uk/services/home-removals/heathfield-tq12/,0,2,0,45
https://mikes-house-clearance.co.uk/services/home-removals/helston-tr13,0,2,0,7.5
https://mikes-house-clearance.co.uk/services/home-removals/launceston-pl15,0,5,0,12.8
https://mikes-house-clearance.co.uk/services/home-removals/midsomer-norton-ba3/,0,5,0,34.2
https://mikes-house-clearance.co.uk/services/home-removals/millbrook-pl10,0,3,0,18.3
https://mikes-house-clearance.co.uk/services/home-removals/mount-hawke-tr4,0,1,0,32
https://mikes-house-clearance.co.uk/services/home-removals/mylor-bridge-tr11,0,1,0,13
https://mikes-house-clearance.co.uk/services/home-removals/nanpean-pl26,0,1,0,4
https://mikes-house-clearance.co.uk/services/home-removals/newlyn-tr18,0,4,0,8.2
https://mikes-house-clearance.co.uk/services/home-removals/newquay-tr7,0,16,0,30.9
https://mikes-house-clearance.co.uk/services/home-removals/padstow-pl28,0,1,0,11
https://mikes-house-clearance.co.uk/services/home-removals/pelynt-pl13,0,3,0,6.7
https://mikes-house-clearance.co.uk/services/home-removals/penryn-tr10,0,2,0,4
https://mikes-house-clearance.co.uk/services/home-removals/perranporth-tr6,0,3,0,8.3
https://mikes-house-clearance.co.uk/services/home-removals/polgooth-pl26,0,2,0,7
https://mikes-house-clearance.co.uk/services/home-removals/ponsanooth-tr3,0,1,0,6
https://mikes-house-clearance.co.uk/services/home-removals/port-isaac-pl29,0,1,0,5
https://mikes-house-clearance.co.uk/services/home-removals/porthleven-tr13,0,25,0,15.3
https://mikes-house-clearance.co.uk/services/home-removals/porthleven-tr13/,0,1,0,18
https://mikes-house-clearance.co.uk/services/home-removals/probus-tr2,0,1,0,10
https://mikes-house-clearance.co.uk/services/home-removals/radstock-ba3/,0,32,0,27.6
https://mikes-house-clearance.co.uk/services/home-removals/redruth-tr15,0,1,0,26
https://mikes-house-clearance.co.uk/services/home-removals/st-austell-pl25,0,18,0,43.1
https://mikes-house-clearance.co.uk/services/home-removals/st-ives-tr26,0,5,0,18.6
https://mikes-house-clearance.co.uk/services/home-removals/st-mabyn-pl30,0,2,0,5
https://mikes-house-clearance.co.uk/services/home-removals/st-mawes-tr2,0,17,0,6.8
https://mikes-house-clearance.co.uk/services/home-removals/summercourt-tr8,0,1,0,7
https://mikes-house-clearance.co.uk/services/home-removals/truro-tr1,0,3,0,30.3
https://mikes-house-clearance.co.uk/services/home-removals/weston-super-mare-bs22/,0,8,0,31
https://mikes-house-clearance.co.uk/services/home-removals/withnoe-pl11,0,7,0,33.7
https://mikes-house-clearance.co.uk/services/home-removals/woodbury-ex5/,0,1,0,65
https://mikes-house-clearance.co.uk/services/house-clearance,0,2,0,5.5
https://mikes-house-clearance.co.uk/services/house-clearance/blackwater-tr4,0,6,0,9.5
https://mikes-house-clearance.co.uk/services/house-clearance/bradninch-ex5/,0,2,0,24
https://mikes-house-clearance.co.uk/services/house-clearance/burnham-on-sea-ta8/,0,5,0,9
https://mikes-house-clearance.co.uk/services/house-clearance/callington-pl17,0,2,0,15.5
https://mikes-house-clearance.co.uk/services/house-clearance/calstock-pl18/,0,6,0,67.2
https://mikes-house-clearance.co.uk/services/house-clearance/colyford-ex24/,0,3,0,6.7
https://mikes-house-clearance.co.uk/services/house-clearance/colyton-ex24/,0,3,0,5.3
https://mikes-house-clearance.co.uk/services/house-clearance/crantock-tr8,0,1,0,2
https://mikes-house-clearance.co.uk/services/house-clearance/downderry-pl11,0,2,0,8.5
https://mikes-house-clearance.co.uk/services/house-clearance/exeter-ex1/,0,3,0,68.7
https://mikes-house-clearance.co.uk/services/house-clearance/falmouth-tr11,0,8,0,20.1
https://mikes-house-clearance.co.uk/services/house-clearance/frome-ba11/,0,1,0,69
https://mikes-house-clearance.co.uk/services/house-clearance/gorran-haven-pl26,0,1,0,8
https://mikes-house-clearance.co.uk/services/house-clearance/hartland-ex39/,0,6,0,54
https://mikes-house-clearance.co.uk/services/house-clearance/ilfracombe-ex34/,0,1,0,11
https://mikes-house-clearance.co.uk/services/house-clearance/ipplepen-tq12/,0,1,0,6
https://mikes-house-clearance.co.uk/services/house-clearance/kelly-bray-pl17,0,1,0,31
https://mikes-house-clearance.co.uk/services/house-clearance/kingsbridge-tq7/,0,2,0,10
https://mikes-house-clearance.co.uk/services/house-clearance/kingsteignton-tq12/,0,1,0,5
https://mikes-house-clearance.co.uk/services/house-clearance/landrake-pl12,0,9,0,15.6
https://mikes-house-clearance.co.uk/services/house-clearance/longrock-tr20/,0,1,0,72
https://mikes-house-clearance.co.uk/services/house-clearance/looe-pl13,0,2,0,9.5
https://mikes-house-clearance.co.uk/services/house-clearance/lynton-ex35/,0,1,0,11
https://mikes-house-clearance.co.uk/services/house-clearance/martock-ta12/,0,1,0,45
https://mikes-house-clearance.co.uk/services/house-clearance/mousehole-tr19,0,1,0,7
https://mikes-house-clearance.co.uk/services/house-clearance/nailsea-bs48/,0,6,0,69.5
https://mikes-house-clearance.co.uk/services/house-clearance/pendeen-tr19/,0,2,0,71.5
https://mikes-house-clearance.co.uk/services/house-clearance/penryn-tr10,0,1,0,5
https://mikes-house-clearance.co.uk/services/house-clearance/penzance-tr18,0,9,0,10.6
https://mikes-house-clearance.co.uk/services/house-clearance/plymouth-pl1/,0,1,0,43
https://mikes-house-clearance.co.uk/services/house-clearance/polruan-pl23,0,2,0,3
https://mikes-house-clearance.co.uk/services/house-clearance/pool-tr15,0,1,0,7
https://mikes-house-clearance.co.uk/services/house-clearance/salcombe-tq8/,0,4,0,27.2
https://mikes-house-clearance.co.uk/services/house-clearance/saltash-pl12,0,1,0,3
https://mikes-house-clearance.co.uk/services/house-clearance/south-brent-tq10/,0,2,0,14.5
https://mikes-house-clearance.co.uk/services/house-clearance/st-austell-pl25,0,3,0,19.3
https://mikes-house-clearance.co.uk/services/house-clearance/st-stephen-pl26,0,4,0,3.5
https://mikes-house-clearance.co.uk/services/house-clearance/street-ba16/,0,1,0,59
https://mikes-house-clearance.co.uk/services/house-clearance/tavistock-pl19/,0,7,0,46.3
https://mikes-house-clearance.co.uk/services/house-clearance/tedburn-st-mary-ex6/,0,9,0,66.7
https://mikes-house-clearance.co.uk/services/house-clearance/tipton-st-john-ex10/,0,1,0,79
https://mikes-house-clearance.co.uk/services/house-clearance/torpoint-pl11,0,8,0,12.5
https://mikes-house-clearance.co.uk/services/house-clearance/totnes-tq9/,0,1,0,10
https://mikes-house-clearance.co.uk/services/house-clearance/truro-tr1,0,1,0,16
https://mikes-house-clearance.co.uk/services/house-clearance/wadebridge-pl27,0,5,0,9.8
https://mikes-house-clearance.co.uk/services/house-clearance/watchet-ta23/,0,6,0,78.5
https://mikes-house-clearance.co.uk/services/house-clearance/wells-ba5/,0,11,0,34.8
https://mikes-house-clearance.co.uk/services/house-clearance/weston-super-mare-bs22/,0,3,0,56.3
https://mikes-house-clearance.co.uk/services/house-clearance/westward-ho-ex39/,0,1,0,7
https://mikes-house-clearance.co.uk/services/house-clearance/williton-ta4/,0,2,0,3
https://mikes-house-clearance.co.uk/services/house-clearance/winkleigh-ex19/,0,3,0,5
https://mikes-house-clearance.co.uk/services/house-clearance/witheridge-ex16/,0,1,0,17
https://mikes-house-clearance.co.uk/services/house-clearance/woodbury-ex5/,0,2,0,48.5
https://mikes-house-clearance.co.uk/services/house-clearance/yeovil-ba20/,0,4,0,33.8
https://mikes-house-clearance.co.uk/services/office-clearances,0,1,0,7
https://mikes-house-clearance.co.uk/services/office-clearances/ashton-pl17,0,1,0,32
https://mikes-house-clearance.co.uk/services/office-clearances/blackwater-tr4,0,1,0,13
https://mikes-house-clearance.co.uk/services/office-clearances/calstock-pl18,0,3,0,54.7
https://mikes-house-clearance.co.uk/services/office-clearances/carey-park-pl13,0,1,0,3
https://mikes-house-clearance.co.uk/services/office-clearances/downderry-pl11,0,1,0,16
https://mikes-house-clearance.co.uk/services/office-clearances/falmouth-tr11,0,4,0,30.5
https://mikes-house-clearance.co.uk/services/office-clearances/grampound-tr2,0,3,0,8
https://mikes-house-clearance.co.uk/services/office-clearances/gunnislake-pl18,0,1,0,12
https://mikes-house-clearance.co.uk/services/office-clearances/helston-tr13,0,8,0,93
https://mikes-house-clearance.co.uk/services/office-clearances/kelly-bray-pl17,0,1,0,45
https://mikes-house-clearance.co.uk/services/office-clearances/kilkhampton-ex23,0,1,0,12
https://mikes-house-clearance.co.uk/services/office-clearances/landrake-pl12,0,3,0,49.3
https://mikes-house-clearance.co.uk/services/office-clearances/lostwithiel-pl22,0,1,0,8
https://mikes-house-clearance.co.uk/services/office-clearances/mawnan-smith-tr11,0,1,0,11
https://mikes-house-clearance.co.uk/services/office-clearances/menheniot-pl14,0,2,0,29
https://mikes-house-clearance.co.uk/services/office-clearances/pendeen-tr19,0,109,0,49.4
https://mikes-house-clearance.co.uk/services/office-clearances/perranporth-tr6,0,1,0,8
https://mikes-house-clearance.co.uk/services/office-clearances/praze-an-beeble-tr14,0,1,0,2
https://mikes-house-clearance.co.uk/services/office-clearances/redruth-tr15,0,5,0,23.6
https://mikes-house-clearance.co.uk/services/office-clearances/st-eval-pl27,0,1,0,5
https://mikes-house-clearance.co.uk/services/office-clearances/st-germans-pl12,0,73,0,54.0
https://mikes-house-clearance.co.uk/services/office-clearances/st-teath-pl30,0,3,0,42
https://mikes-house-clearance.co.uk/services/office-clearances/summercourt-tr8,0,1,0,9
https://mikes-house-clearance.co.uk/services/office-clearances/threemilestone-tr3,0,2,0,55
https://mikes-house-clearance.co.uk/services/office-clearances/torpoint-pl11,0,1,0,12
https://mikes-house-clearance.co.uk/services/office-clearances/truro-tr1,0,1,0,11
https://mikes-house-clearance.co.uk/services/probate-bereavement/blackwater-tr4,0,1,0,6
https://mikes-house-clearance.co.uk/services/probate-bereavement/boscastle-pl35,0,2,0,43
https://mikes-house-clearance.co.uk/services/probate-bereavement/budock-water-tr11,0,8,0,37.5
https://mikes-house-clearance.co.uk/services/probate-bereavement/calstock-pl18,0,59,0,42.2
https://mikes-house-clearance.co.uk/services/probate-bereavement/camelford-pl32,0,1,0,3
https://mikes-house-clearance.co.uk/services/probate-bereavement/canons-town-tr27,0,2,0,48
https://mikes-house-clearance.co.uk/services/probate-bereavement/cawsand-pl10,0,32,0,43.8
https://mikes-house-clearance.co.uk/services/probate-bereavement/chacewater-tr4,0,1,0,48
https://mikes-house-clearance.co.uk/services/probate-bereavement/connor-downs-tr27,0,4,0,21.2
https://mikes-house-clearance.co.uk/services/probate-bereavement/hayle-tr27,0,3,0,6.3
https://mikes-house-clearance.co.uk/services/probate-bereavement/kelly-bray-pl17,0,1,0,92
https://mikes-house-clearance.co.uk/services/probate-bereavement/lanivet-pl30,0,1,0,58
https://mikes-house-clearance.co.uk/services/probate-bereavement/launceston-pl15,0,1,0,5
https://mikes-house-clearance.co.uk/services/probate-bereavement/lelant-tr26,0,1,0,42
https://mikes-house-clearance.co.uk/services/probate-bereavement/marazion-tr17,0,1,0,29
https://mikes-house-clearance.co.uk/services/probate-bereavement/marhamchurch-ex23,0,2,0,33
https://mikes-house-clearance.co.uk/services/probate-bereavement/menheniot-pl14,0,1,0,44
https://mikes-house-clearance.co.uk/services/probate-bereavement/pendeen-tr19,0,3,0,45.7
https://mikes-house-clearance.co.uk/services/probate-bereavement/portreath-tr16,0,1,0,7
https://mikes-house-clearance.co.uk/services/probate-bereavement/portscatho-tr2,0,1,0,39
https://mikes-house-clearance.co.uk/services/probate-bereavement/saltash-pl12,0,2,0,27
https://mikes-house-clearance.co.uk/services/probate-bereavement/st-agnes-tr5,0,1,0,1
https://mikes-house-clearance.co.uk/services/probate-bereavement/st-cleer-pl14,0,20,0,59.6
https://mikes-house-clearance.co.uk/services/probate-bereavement/st-erth-tr27,0,1,0,52
https://mikes-house-clearance.co.uk/services/probate-bereavement/st-germans-pl12,0,39,0,53.9
https://mikes-house-clearance.co.uk/services/probate-bereavement/stratton-ex23,0,3,0,26.7
https://mikes-house-clearance.co.uk/services/probate-bereavement/torpoint-pl11,0,3,0,5.3
https://mikes-house-clearance.co.uk/services/probate-bereavement/truro-tr1,0,1,0,41
https://mikes-house-clearance.co.uk/services/rubbish-clearance,0,1,0,10
https://mikes-house-clearance.co.uk/services/rubbish-clearance/bishopsteignton-tq14/,0,2,0,47
https://mikes-house-clearance.co.uk/services/rubbish-clearance/bratton-fleming-ex31/,0,1,0,85
https://mikes-house-clearance.co.uk/services/rubbish-clearance/breage-tr13,0,2,0,10
https://mikes-house-clearance.co.uk/services/rubbish-clearance/bridgwater-ta6/,0,1,0,74
https://mikes-house-clearance.co.uk/services/rubbish-clearance/bruton-ba10/,0,4,0,57
https://mikes-house-clearance.co.uk/services/rubbish-clearance/buckland-monachorum-pl20/,0,1,0,85
https://mikes-house-clearance.co.uk/services/rubbish-clearance/bude-ex23/,0,18,0,23.9
https://mikes-house-clearance.co.uk/services/rubbish-clearance/bugle-pl26,0,1,0,7
https://mikes-house-clearance.co.uk/services/rubbish-clearance/callington-pl17,0,1,0,14
https://mikes-house-clearance.co.uk/services/rubbish-clearance/calstock-pl18,0,34,0,6.9
https://mikes-house-clearance.co.uk/services/rubbish-clearance/calstock-pl18/,0,1,0,6
https://mikes-house-clearance.co.uk/services/rubbish-clearance/camborne-tr14,0,2,0,46
https://mikes-house-clearance.co.uk/services/rubbish-clearance/camborne-tr14/,0,3,0,41
https://mikes-house-clearance.co.uk/services/rubbish-clearance/carbis-bay-tr26,0,1,0,1
https://mikes-house-clearance.co.uk/services/rubbish-clearance/carharrack-tr16,0,1,0,10
https://mikes-house-clearance.co.uk/services/rubbish-clearance/cawsand-pl10,0,30,0,10.0
https://mikes-house-clearance.co.uk/services/rubbish-clearance/clevedon-bs21/,0,2,0,40
https://mikes-house-clearance.co.uk/services/rubbish-clearance/colyton-ex24/,0,2,0,94
https://mikes-house-clearance.co.uk/services/rubbish-clearance/crantock-tr8,0,1,0,7
https://mikes-house-clearance.co.uk/services/rubbish-clearance/crediton-ex17/,0,1,0,72
https://mikes-house-clearance.co.uk/services/rubbish-clearance/cullompton-ex15/,0,3,0,70.7
https://mikes-house-clearance.co.uk/services/rubbish-clearance/dawlish-ex7/,0,2,0,65.5
https://mikes-house-clearance.co.uk/services/rubbish-clearance/denbury-tq12/,0,1,0,4
https://mikes-house-clearance.co.uk/services/rubbish-clearance/dobwalls-pl14,0,1,0,16
https://mikes-house-clearance.co.uk/services/rubbish-clearance/downderry-pl11,0,20,0,6.7
https://mikes-house-clearance.co.uk/services/rubbish-clearance/dulverton-ta22/,0,1,0,11
https://mikes-house-clearance.co.uk/services/rubbish-clearance/four-lanes-tr16,0,1,0,5
https://mikes-house-clearance.co.uk/services/rubbish-clearance/goldsithney-tr20/,0,1,0,62
https://mikes-house-clearance.co.uk/services/rubbish-clearance/goonhavern-tr4,0,1,0,3
https://mikes-house-clearance.co.uk/services/rubbish-clearance/grampound-road-tr2,0,7,0,48.4
https://mikes-house-clearance.co.uk/services/rubbish-clearance/gunnislake-pl18,0,19,0,11.6
https://mikes-house-clearance.co.uk/services/rubbish-clearance/gunnislake-pl18/,0,2,0,50
https://mikes-house-clearance.co.uk/services/rubbish-clearance/horrabridge-pl20/,0,1,0,5
https://mikes-house-clearance.co.uk/services/rubbish-clearance/ilminster-ta19/,0,5,0,93.8
https://mikes-house-clearance.co.uk/services/rubbish-clearance/lanner-tr16,0,1,0,3
https://mikes-house-clearance.co.uk/services/rubbish-clearance/launceston-pl15,0,2,0,12
https://mikes-house-clearance.co.uk/services/rubbish-clearance/liskeard-pl14,0,4,0,8.8
https://mikes-house-clearance.co.uk/services/rubbish-clearance/longrock-tr20/,0,1,0,45
https://mikes-house-clearance.co.uk/services/rubbish-clearance/looe-pl13,0,2,0,14
https://mikes-house-clearance.co.uk/services/rubbish-clearance/looe-pl13/,0,2,0,31
https://mikes-house-clearance.co.uk/services/rubbish-clearance/lympstone-ex8/,0,1,0,55
https://mikes-house-clearance.co.uk/services/rubbish-clearance/marhamchurch-ex23/,0,5,0,72.6
https://mikes-house-clearance.co.uk/services/rubbish-clearance/menheniot-pl14,0,10,0,6.4
https://mikes-house-clearance.co.uk/services/rubbish-clearance/millbrook-pl10,0,4,0,11.8
https://mikes-house-clearance.co.uk/services/rubbish-clearance/modbury-pl21/,0,1,0,58
https://mikes-house-clearance.co.uk/services/rubbish-clearance/mousehole-tr19,0,1,0,4
https://mikes-house-clearance.co.uk/services/rubbish-clearance/musbury-ex13/,0,2,0,41.5
https://mikes-house-clearance.co.uk/services/rubbish-clearance/mylor-bridge-tr11/,0,1,0,11
https://mikes-house-clearance.co.uk/services/rubbish-clearance/nailsea-bs48/,0,6,0,72.3
https://mikes-house-clearance.co.uk/services/rubbish-clearance/newlyn-tr18/,0,1,0,9
https://mikes-house-clearance.co.uk/services/rubbish-clearance/newton-abbot-tq12/,0,3,0,25.7
https://mikes-house-clearance.co.uk/services/rubbish-clearance/padstow-pl28,0,1,0,6
https://mikes-house-clearance.co.uk/services/rubbish-clearance/penryn-tr10,0,3,0,7.3
https://mikes-house-clearance.co.uk/services/rubbish-clearance/penwithick-pl26,0,6,0,7.8
https://mikes-house-clearance.co.uk/services/rubbish-clearance/penwithick-pl26/,0,3,0,33
https://mikes-house-clearance.co.uk/services/rubbish-clearance/penzance-tr18,0,7,0,10
https://mikes-house-clearance.co.uk/services/rubbish-clearance/penzance-tr18/,0,1,0,30
https://mikes-house-clearance.co.uk/services/rubbish-clearance/polruan-pl23,0,1,0,1
https://mikes-house-clearance.co.uk/services/rubbish-clearance/portishead-bs20/,0,1,0,85
https://mikes-house-clearance.co.uk/services/rubbish-clearance/praze-an-beeble-tr14/,0,1,0,4
https://mikes-house-clearance.co.uk/services/rubbish-clearance/princetown-pl20/,0,1,0,5
https://mikes-house-clearance.co.uk/services/rubbish-clearance/radstock-ba3/,0,7,0,60.7
https://mikes-house-clearance.co.uk/services/rubbish-clearance/roche-pl26/,0,1,0,8
https://mikes-house-clearance.co.uk/services/rubbish-clearance/salcombe-tq8/,0,3,0,67
https://mikes-house-clearance.co.uk/services/rubbish-clearance/saltash-pl12,0,1,0,10
https://mikes-house-clearance.co.uk/services/rubbish-clearance/south-brent-tq10/,0,2,0,20.5
https://mikes-house-clearance.co.uk/services/rubbish-clearance/south-molton-ex36/,0,1,0,60
https://mikes-house-clearance.co.uk/services/rubbish-clearance/south-petherton-ta13/,0,1,0,13
https://mikes-house-clearance.co.uk/services/rubbish-clearance/st-agnes-tr5,0,1,0,8
https://mikes-house-clearance.co.uk/services/rubbish-clearance/st-austell-pl25,0,1,0,9
https://mikes-house-clearance.co.uk/services/rubbish-clearance/st-austell-pl25/,0,4,0,35.2
https://mikes-house-clearance.co.uk/services/rubbish-clearance/st-breward-pl30,0,1,0,6
https://mikes-house-clearance.co.uk/services/rubbish-clearance/st-columb-major-tr9,0,2,0,12
https://mikes-house-clearance.co.uk/services/rubbish-clearance/st-day-tr16,0,1,0,9
https://mikes-house-clearance.co.uk/services/rubbish-clearance/st-eval-pl27/,0,1,0,4
https://mikes-house-clearance.co.uk/services/rubbish-clearance/st-germans-pl12,0,121,0,67.0
https://mikes-house-clearance.co.uk/services/rubbish-clearance/st-mabyn-pl30,0,1,0,4
https://mikes-house-clearance.co.uk/services/rubbish-clearance/st-mawes-tr2/,0,1,0,11
https://mikes-house-clearance.co.uk/services/rubbish-clearance/st-stephen-pl26/,0,3,0,7
https://mikes-house-clearance.co.uk/services/rubbish-clearance/st-teath-pl30,0,2,0,5
https://mikes-house-clearance.co.uk/services/rubbish-clearance/tedburn-st-mary-ex6/,0,1,0,49
https://mikes-house-clearance.co.uk/services/rubbish-clearance/torpoint-pl11,0,26,0,12.1
https://mikes-house-clearance.co.uk/services/rubbish-clearance/torpoint-pl11/,0,1,0,7
https://mikes-house-clearance.co.uk/services/rubbish-clearance/wells-ba5/,0,2,0,57
https://mikes-house-clearance.co.uk/services/rubbish-clearance/weston-super-mare-bs22/,0,7,0,60.3
https://mikes-house-clearance.co.uk/services/rubbish-clearance/withnoe-pl11,0,3,0,52
https://mikes-house-clearance.co.uk/terms-conditions,0,12,0,4.3
